SeqNum,AminoAcidName,Prediction
1,LYS,0
2,SER,1
3,ALA,0
4,LYS,1
5,LEU,1
6,VAL,1
7,ASP,1
8,GLY,1
9,GLU,1
10,LEU,0
11,LEU,0
12,VAL,0
13,LYS,1
14,ALA,0
15,SER,0
16,VAL,0
17,GLU,1
18,SER,0
19,PHE,0
20,GLY,0
21,LEU,0
22,GLU,0
23,ASP,0
24,GLU,0
25,LYS,0
26,TYR,0
27,TRP,0
28,PHE,0
29,LEU,1
30,VAL,0
31,CYS,0
32,CYS,0
33,GLU,0
34,LEU,0
35,SER,1
36,ASN,0
37,GLY,1
38,LYS,0
39,THR,1
40,ARG,1
41,GLN,1
42,LEU,0
43,LYS,1
44,ARG,0
45,TYR,0
46,TYR,0
47,GLN,0
48,ASP,0
49,PHE,0
50,TYR,1
51,ASP,0
52,LEU,0
53,GLN,0
54,VAL,0
55,GLN,1
56,LEU,0
57,LEU,0
58,ASP,0
59,ALA,0
60,PHE,0
61,PRO,0
62,ALA,0
63,GLU,0
64,ALA,0
65,GLY,0
66,LYS,1
67,LEU,1
68,ARG,1
69,ASP,1
70,ALA,1
71,GLY,1
72,GLY,1
73,GLN,1
74,TRP,1
75,SER,0
76,LYS,0
77,ARG,1
78,ILE,0
79,MET,0
80,PRO,0
81,TYR,0
82,ILE,0
83,PRO,0
84,GLY,0
85,PRO,0
86,VAL,0
87,PRO,0
88,TYR,0
89,VAL,0
90,THR,0
91,ASN,0
92,SER,0
93,ILE,0
94,THR,0
95,LYS,0
96,LYS,0
97,ARG,0
98,LYS,0
99,GLU,0
100,ASP,0
101,LEU,0
102,ASN,0
103,ILE,0
104,TYR,0
105,VAL,0
106,ALA,0
107,ASP,0
108,LEU,0
109,VAL,0
110,ASN,0
111,LEU,0
112,PRO,0
113,ASP,0
114,TYR,1
115,ILE,0
116,SER,0
117,ARG,1
118,SER,0
119,GLU,0
120,MET,0
121,VAL,0
122,HIS,0
123,SER,0
124,LEU,0
125,PHE,0
126,VAL,0
127,VAL,1
128,LEU,1
129,ASN,1
130,ASN,1
