SeqNum,AminoAcidName,angles_prediction_results,distance_prediction_results,secondary-structure_prediction_results,merge-results
1.0,ALA,0,0.0,0.0,0
2.0,GLU,0,0.0,0.0,0
3.0,SER,0,0.0,1.0,0
4.0,ASP,0,1.0,1.0,1
5.0,PHE,0,1.0,1.0,1
6.0,GLU,0,1.0,1.0,1
7.0,GLN,0,1.0,1.0,1
8.0,LEU,0,1.0,1.0,1
9.0,PRO,0,1.0,0.0,0
10.0,ASP,0,0.0,1.0,0
11.0,ASP,0,0.0,1.0,0
12.0,VAL,0,0.0,1.0,0
13.0,ALA,0,0.0,1.0,0
14.0,ILE,0,0.0,1.0,0
15.0,SER,0,0.0,1.0,0
16.0,ALA,0,0.0,1.0,0
17.0,ASN,0,1.0,1.0,1
18.0,ILE,0,0.0,1.0,0
19.0,ALA,0,0.0,1.0,0
20.0,ASP,0,0.0,1.0,0
21.0,ILE,0,0.0,1.0,0
22.0,GLU,0,0.0,1.0,0
23.0,GLU,0,0.0,1.0,0
24.0,LYS,0,0.0,1.0,0
25.0,ARG,0,0.0,1.0,0
26.0,GLY,0,0.0,1.0,0
27.0,PHE,0,0.0,1.0,0
28.0,THR,0,0.0,1.0,0
29.0,SER,0,0.0,1.0,0
30.0,HIS,0,0.0,1.0,0
31.0,PHE,0,0.0,1.0,0
32.0,VAL,0,0.0,1.0,0
33.0,PHE,0,0.0,1.0,0
34.0,VAL,0,0.0,1.0,0
35.0,ILE,0,0.0,1.0,0
36.0,GLU,0,0.0,1.0,0
37.0,VAL,0,0.0,1.0,0
38.0,LYS,0,0.0,1.0,0
39.0,THR,0,0.0,1.0,0
40.0,LYS,0,0.0,1.0,0
41.0,GLY,0,0.0,1.0,0
42.0,GLY,0,0.0,1.0,0
43.0,SER,0,0.0,1.0,0
44.0,LYS,0,0.0,1.0,0
45.0,TYR,0,0.0,1.0,0
46.0,LEU,0,0.0,1.0,0
47.0,ILE,0,0.0,1.0,0
48.0,TYR,0,0.0,1.0,0
49.0,ARG,0,0.0,1.0,0
50.0,ARG,0,0.0,1.0,0
51.0,TYR,0,0.0,1.0,0
52.0,ARG,0,0.0,1.0,0
53.0,GLN,0,0.0,1.0,0
54.0,PHE,0,0.0,1.0,0
55.0,HIS,0,0.0,1.0,0
56.0,ALA,0,0.0,1.0,0
57.0,LEU,0,0.0,1.0,0
58.0,GLN,0,0.0,1.0,0
59.0,SER,0,0.0,1.0,0
60.0,LYS,0,0.0,1.0,0
61.0,LEU,0,0.0,1.0,0
62.0,GLU,0,1.0,1.0,1
63.0,GLU,0,1.0,1.0,1
64.0,ARG,0,1.0,1.0,1
65.0,PHE,0,1.0,1.0,1
66.0,GLY,0,1.0,1.0,1
77.0,THR,0,1.0,0.0,0
78.0,LEU,0,0.0,0.0,0
79.0,PRO,0,0.0,0.0,0
80.0,THR,0,0.0,0.0,0
81.0,LEU,0,0.0,0.0,0
82.0,PRO,0,0.0,0.0,0
83.0,ALA,0,0.0,0.0,0
84.0,LYS,0,0.0,0.0,0
85.0,VAL,0,0.0,0.0,0
86.0,TYR,0,0.0,0.0,0
87.0,VAL,0,0.0,0.0,0
88.0,GLY,0,0.0,0.0,0
89.0,VAL,0,0.0,0.0,0
90.0,LYS,0,0.0,0.0,0
91.0,GLN,0,0.0,0.0,0
92.0,GLU,0,0.0,1.0,0
93.0,ILE,0,0.0,1.0,0
94.0,ALA,0,0.0,1.0,0
95.0,GLU,0,0.0,1.0,0
96.0,MET,0,0.0,1.0,0
97.0,ARG,0,0.0,1.0,0
98.0,ILE,0,0.0,1.0,0
99.0,PRO,0,0.0,1.0,0
100.0,ALA,0,0.0,1.0,0
101.0,LEU,0,0.0,1.0,0
102.0,ASN,0,0.0,1.0,0
103.0,ALA,0,0.0,1.0,0
104.0,TYR,0,0.0,1.0,0
105.0,MET,0,0.0,1.0,0
106.0,LYS,0,0.0,1.0,0
107.0,SER,0,0.0,1.0,0
108.0,LEU,0,0.0,1.0,0
109.0,LEU,0,0.0,1.0,0
110.0,SER,0,1.0,1.0,1
111.0,LEU,0,1.0,1.0,1
112.0,PRO,0,1.0,0.0,0
113.0,VAL,0,1.0,1.0,1
114.0,TRP,0,1.0,1.0,1
115.0,VAL,0,0.0,1.0,0
116.0,LEU,0,0.0,1.0,0
117.0,MET,0,0.0,1.0,0
118.0,ASP,0,0.0,0.0,0
119.0,GLU,0,0.0,1.0,0
120.0,ASP,0,0.0,1.0,0
121.0,VAL,0,0.0,1.0,0
122.0,ARG,0,0.0,1.0,0
123.0,ILE,0,0.0,1.0,0
124.0,PHE,0,0.0,1.0,0
125.0,PHE,0,0.0,1.0,0
126.0,TYR,0,0.0,1.0,0
127.0,GLN,0,0.0,0.0,0
128.0,SER,0,0.0,0.0,0
129.0,PRO,0,0.0,0.0,0
130.0,TYR,0,0.0,1.0,0
131.0,ASP,0,0.0,1.0,0
132.0,SER,0,0.0,1.0,0
133.0,GLU,0,0.0,1.0,0
134.0,GLN,0,0.0,1.0,0
135.0,VAL,0,0.0,1.0,0
136.0,PRO,0,0.0,1.0,0
137.0,GLN,0,0.0,1.0,0
138.0,ALA,0,0.0,1.0,0
139.0,LEU,0,0.0,1.0,0
140.0,ARG,0,0.0,1.0,0
141.0,ARG,0,0.0,1.0,0
142.0,LEU,0,0.0,1.0,0
143.0,ARG,0,0.0,1.0,0
144.0,PRO,0,0.0,1.0,0
145.0,ARG,0,0.0,1.0,0
161.0,ARG,0,0.0,1.0,0
162.0,MET,0,0.0,0.0,0
163.0,ALA,0,0.0,0.0,0
164.0,ALA,0,0.0,0.0,0
165.0,PRO,0,0.0,0.0,0
166.0,ARG,0,1.0,0.0,0
167.0,ALA,0,1.0,1.0,1
168.0,GLU,0,1.0,1.0,1
169.0,ALA,0,1.0,1.0,1
170.0,LEU,0,1.0,1.0,1
171.0,PHE,0,1.0,1.0,1
172.0,ASP,0,1.0,0.0,0
173.0,PHE,0,1.0,0.0,0
174.0,THR,0,1.0,0.0,0
175.0,GLY,0,1.0,0.0,0
176.0,ASN,0,1.0,0.0,0
177.0,SER,0,1.0,1.0,1
178.0,LYS,0,1.0,1.0,1
179.0,LEU,0,1.0,1.0,1
180.0,GLU,0,1.0,0.0,0
181.0,LEU,0,1.0,0.0,0
182.0,ASN,0,1.0,0.0,0
183.0,PHE,0,1.0,0.0,0
184.0,LYS,0,1.0,0.0,0
185.0,ALA,0,0.0,0.0,0
186.0,GLY,0,1.0,1.0,1
187.0,ASP,0,1.0,0.0,0
188.0,VAL,0,0.0,1.0,0
189.0,ILE,0,0.0,1.0,0
190.0,PHE,0,0.0,1.0,0
191.0,LEU,0,0.0,1.0,0
192.0,LEU,0,0.0,1.0,0
193.0,SER,0,1.0,1.0,1
194.0,ARG,0,1.0,1.0,1
195.0,ILE,0,1.0,1.0,1
196.0,ASN,0,1.0,1.0,1
197.0,LYS,0,1.0,1.0,1
198.0,ASP,0,1.0,1.0,1
199.0,TRP,0,1.0,1.0,1
200.0,LEU,0,0.0,1.0,0
201.0,GLU,0,1.0,1.0,1
202.0,GLY,0,1.0,1.0,1
203.0,THR,0,1.0,1.0,1
204.0,VAL,0,1.0,1.0,1
205.0,ARG,0,1.0,1.0,1
206.0,GLY,0,1.0,1.0,1
207.0,ALA,0,1.0,1.0,1
208.0,THR,0,1.0,1.0,1
209.0,GLY,0,1.0,1.0,1
210.0,ILE,0,0.0,1.0,0
211.0,PHE,0,1.0,1.0,1
212.0,PRO,0,1.0,1.0,1
213.0,LEU,0,1.0,1.0,1
214.0,SER,0,1.0,1.0,1
215.0,PHE,0,1.0,1.0,1
216.0,VAL,0,1.0,1.0,1
217.0,LYS,0,1.0,1.0,1
218.0,ILE,0,1.0,1.0,1
219.0,LEU,0,0.0,1.0,0
220.0,LYS,0,0.0,1.0,0
221.0,ASP,0,0.0,0.0,0
222.0,PHE,0,0.0,0.0,0
223.0,PRO,0,0.0,0.0,0
224.0,GLU,0,0.0,0.0,0
225.0,GLU,0,0.0,0.0,0
226.0,ASP,0,0.0,0.0,0
227.0,ASP,0,0.0,0.0,0
228.0,PRO,0,0.0,0.0,0
229.0,THR,0,0.0,0.0,0
230.0,ASN,0,0.0,0.0,0
231.0,TRP,0,0.0,1.0,0
232.0,LEU,0,0.0,1.0,0
233.0,ARG,0,0.0,1.0,0
234.0,CYS,0,0.0,1.0,0
235.0,TYR,0,0.0,1.0,0
236.0,TYR,0,1.0,1.0,1
237.0,TYR,0,1.0,1.0,1
238.0,GLU,0,1.0,0.0,0
239.0,ASP,0,1.0,1.0,1
240.0,THR,0,1.0,1.0,1
241.0,ILE,0,0.0,0.0,0
242.0,SER,0,0.0,1.0,0
243.0,THR,0,0.0,1.0,0
244.0,ILE,0,0.0,1.0,0
245.0,LYS,0,0.0,1.0,0
246.0,ASP,0,0.0,1.0,0
247.0,ILE,0,0.0,1.0,0
248.0,ALA,0,0.0,1.0,0
249.0,VAL,0,0.0,1.0,0
250.0,GLU,0,0.0,0.0,0
251.0,GLU,0,0.0,1.0,0
252.0,ASP,0,0.0,0.0,0
253.0,LEU,0,1.0,1.0,1
254.0,SER,0,0.0,1.0,0
255.0,SER,0,0.0,0.0,0
256.0,THR,0,0.0,0.0,0
257.0,PRO,0,1.0,0.0,0
258.0,LEU,0,1.0,0.0,0
259.0,LEU,0,1.0,0.0,0
260.0,LYS,0,0.0,0.0,0
261.0,ASP,0,1.0,1.0,1
262.0,LEU,0,0.0,1.0,0
263.0,LEU,0,0.0,1.0,0
264.0,GLU,0,0.0,1.0,0
265.0,LEU,0,1.0,1.0,1
266.0,THR,0,1.0,1.0,1
267.0,ARG,0,1.0,1.0,1
268.0,ARG,0,0.0,1.0,0
269.0,GLU,0,0.0,1.0,0
270.0,PHE,0,0.0,1.0,0
271.0,GLN,0,1.0,1.0,1
272.0,ARG,0,1.0,0.0,0
273.0,GLU,0,0.0,1.0,0
274.0,ASP,0,0.0,0.0,0
275.0,ILE,0,0.0,1.0,0
276.0,ALA,0,0.0,1.0,0
277.0,LEU,0,0.0,1.0,0
278.0,ASN,0,1.0,1.0,1
279.0,TYR,0,1.0,1.0,1
280.0,ARG,0,1.0,1.0,1
281.0,ASP,0,1.0,0.0,0
282.0,ALA,0,1.0,1.0,1
283.0,GLU,0,1.0,1.0,1
284.0,GLY,0,1.0,1.0,1
285.0,ASP,0,1.0,0.0,0
286.0,LEU,0,1.0,1.0,1
287.0,VAL,0,1.0,1.0,1
288.0,ARG,0,1.0,1.0,1
289.0,LEU,0,1.0,0.0,0
290.0,LEU,0,1.0,0.0,0
291.0,SER,0,1.0,1.0,1
292.0,ASP,0,1.0,1.0,1
293.0,GLU,0,1.0,1.0,1
294.0,ASP,0,1.0,1.0,1
295.0,VAL,0,1.0,1.0,1
296.0,ALA,0,1.0,1.0,1
297.0,LEU,0,1.0,1.0,1
298.0,MET,0,1.0,1.0,1
299.0,VAL,0,1.0,1.0,1
300.0,ARG,0,1.0,1.0,1
301.0,GLN,0,1.0,1.0,1
302.0,ALA,0,1.0,1.0,1
303.0,ARG,0,1.0,1.0,1
304.0,GLY,0,1.0,1.0,1
305.0,LEU,0,1.0,1.0,1
306.0,PRO,0,1.0,0.0,0
307.0,SER,0,1.0,0.0,0
308.0,GLN,0,1.0,0.0,0
309.0,LYS,0,1.0,1.0,1
310.0,ARG,0,1.0,1.0,1
311.0,LEU,0,0.0,1.0,0
312.0,PHE,0,1.0,0.0,0
313.0,PRO,0,1.0,1.0,1
314.0,TRP,0,1.0,1.0,1
315.0,LYS,0,0.0,0.0,0
316.0,LEU,0,0.0,1.0,0
317.0,HIS,0,0.0,1.0,0
318.0,ILE,0,1.0,1.0,1
319.0,THR,0,0.0,1.0,0
320.0,GLN,0,0.0,1.0,0
,,0,,0.0,0
,,0,,0.0,0
,,0,,,0
