NumSeq,AminoAcidName,angles_prediction,secondary_prediction,merge-results
0,VAL,0,0,0
1,VAL,0,0,0
2,THR,0,0,0
3,GLU,0,0,0
4,LYS,0,0,0
5,GLN,0,1,0
6,GLN,0,1,0
7,MET,0,1,0
8,LEU,0,1,0
9,GLU,0,1,0
10,GLN,0,1,0
11,HIS,0,1,0
12,LEU,0,1,0
13,GLN,0,1,0
14,ASP,0,1,0
15,VAL,0,1,0
16,ARG,0,1,0
17,LYS,0,1,0
18,ARG,0,1,0
19,VAL,0,1,0
20,GLN,0,1,0
21,ASP,0,1,0
22,LEU,0,1,0
23,GLU,0,1,0
24,GLN,0,1,0
25,LYS,0,1,0
26,MET,0,1,0
27,LYS,0,1,0
28,VAL,0,1,0
29,VAL,0,1,0
30,GLU,0,1,0
31,ASN,0,1,0
32,LEU,0,1,0
33,GLN,0,1,0
34,ASP,0,1,0
35,ASP,0,1,0
36,PHE,0,1,0
37,ASP,0,1,0
38,PHE,0,1,0
39,ASN,0,1,0
40,TYR,0,1,0
41,LYS,0,1,0
42,THR,0,1,0
43,LEU,0,0,0
44,LYS,0,0,0
45,ASN,0,1,0
46,GLN,0,1,0
47,SER,0,1,0
48,VAL,0,1,0
49,THR,0,1,0
50,ARG,0,1,0
51,GLN,0,1,0
52,LYS,0,1,0
53,MET,0,1,0
54,GLN,0,1,0
55,GLN,0,1,0
56,LEU,0,1,0
57,GLU,0,1,0
58,GLN,0,1,0
59,MET,0,1,0
60,LEU,0,1,0
61,THR,0,1,0
62,ALA,0,1,0
63,LEU,0,1,0
64,ASP,0,1,0
65,GLN,0,1,0
66,MET,0,1,0
67,ARG,0,1,0
68,ARG,0,1,0
69,SER,0,1,0
70,ILE,0,1,0
71,VAL,0,1,0
72,SER,0,1,0
73,GLU,0,1,0
74,LEU,0,1,0
75,ALA,0,1,0
76,GLY,0,1,0
77,LEU,0,1,0
78,LEU,0,1,0
79,SER,0,1,0
80,ALA,0,1,0
81,MET,0,1,0
82,GLU,0,1,0
83,TYR,0,1,0
84,VAL,0,1,0
85,GLN,0,1,0
86,LYS,0,1,0
87,THR,0,1,0
88,LEU,0,1,0
89,THR,0,1,0
90,ASP,0,1,0
91,GLU,0,1,0
92,GLU,0,1,0
93,LEU,0,1,0
94,ALA,0,1,0
95,ASP,0,1,0
96,TRP,0,1,0
97,LYS,0,1,0
98,ARG,0,1,0
99,ARG,0,1,0
100,GLN,0,1,0
101,GLN,0,1,0
102,ILE,0,1,0
103,ALA,0,1,0
104,CYS,0,1,0
105,ILE,0,1,0
106,GLY,0,0,0
107,GLY,0,0,0
108,PRO,0,0,0
109,PRO,0,0,0
110,ASN,0,0,0
111,ILE,0,0,0
112,CYS,0,0,0
113,LEU,0,0,0
114,ASP,0,0,0
115,ARG,0,0,0
116,LEU,0,0,0
117,GLU,0,1,0
118,ASN,0,1,0
119,TRP,0,1,0
120,ILE,0,1,0
121,THR,0,1,0
122,SER,0,1,0
123,LEU,0,1,0
124,ALA,0,1,0
125,GLU,0,1,0
126,SER,0,1,0
127,GLN,0,1,0
128,LEU,0,1,0
129,GLN,0,1,0
130,THR,0,1,0
131,ARG,0,1,0
132,GLN,0,1,0
133,GLN,0,1,0
134,ILE,0,1,0
135,LYS,0,1,0
136,LYS,0,1,0
137,LEU,0,1,0
138,GLU,0,1,0
139,GLU,0,1,0
140,LEU,0,1,0
141,GLN,0,1,0
142,GLN,0,1,0
143,LYS,0,1,0
144,VAL,0,1,0
145,SER,0,0,0
146,TYR,0,0,0
147,LYS,0,1,0
148,GLY,0,1,0
149,ASP,0,0,0
150,PRO,0,1,0
151,ILE,0,1,0
152,VAL,0,1,0
153,GLN,0,1,0
154,HIS,0,1,0
155,ARG,0,1,0
156,PRO,0,1,0
157,MET,0,1,0
158,LEU,0,1,0
159,GLU,0,1,0
160,GLU,0,1,0
161,ARG,0,1,0
162,ILE,0,1,0
163,VAL,0,1,0
164,GLU,0,1,0
165,LEU,0,1,0
166,PHE,0,1,0
167,ARG,0,1,0
168,ASN,0,1,0
169,LEU,0,1,0
170,MET,0,1,0
171,LYS,0,1,0
172,SER,0,1,0
173,ALA,0,1,0
174,PHE,0,1,0
175,VAL,0,1,0
176,VAL,0,1,0
177,GLU,0,1,0
178,ARG,0,1,0
179,GLN,0,1,0
180,PRO,0,1,0
181,CYS,0,1,0
182,MET,0,0,0
183,PRO,0,1,0
184,MET,0,1,0
185,HIS,0,0,0
186,PRO,0,1,0
187,ASP,0,1,0
188,ARG,0,1,0
189,PRO,0,1,0
190,LEU,0,1,0
191,VAL,0,1,0
192,ILE,0,1,0
193,LYS,0,1,0
194,THR,0,1,0
195,GLY,0,1,0
196,VAL,0,1,0
197,GLN,0,1,0
198,PHE,0,1,0
199,THR,0,1,0
200,THR,0,1,0
201,LYS,0,1,0
202,VAL,0,1,0
203,ARG,0,1,0
204,LEU,0,1,0
205,LEU,0,1,0
206,VAL,0,1,0
207,LYS,0,0,0
208,PHE,0,0,0
209,PRO,0,1,0
210,GLU,0,1,0
211,LEU,0,1,0
212,ASN,0,1,0
213,TYR,0,1,0
214,GLN,0,1,0
215,LEU,0,0,0
216,LYS,0,1,0
217,ILE,0,1,0
218,LYS,0,1,0
219,VAL,0,1,0
220,CYS,0,1,0
221,ILE,0,1,0
222,ASP,0,0,0
223,LYS,0,1,0
224,ASP,0,1,0
225,ARG,0,1,0
226,GLY,0,1,0
227,SER,0,0,0
228,ARG,0,0,0
229,LYS,0,0,0
230,PHE,0,1,0
231,ASN,0,1,0
232,ILE,0,1,0
233,LEU,0,1,0
234,GLY,0,1,0
235,THR,0,0,0
236,ASN,0,0,0
237,THR,0,1,0
238,LYS,0,1,0
239,VAL,0,1,0
240,MET,0,0,0
241,ASN,0,1,0
242,MET,0,1,0
243,GLU,0,0,0
244,GLU,0,1,0
245,SER,0,1,0
246,ASN,0,1,0
247,ASN,0,1,0
248,GLY,0,1,0
249,SER,0,1,0
250,LEU,0,1,0
251,SER,0,1,0
252,ALA,0,1,0
253,GLU,0,1,0
254,PHE,0,1,0
255,LYS,0,1,0
256,HIS,0,1,0
257,LEU,0,1,0
258,THR,0,1,0
259,LEU,0,1,0
260,ARG,0,1,0
261,GLU,0,1,0
262,GLN,0,0,0
263,ARG,0,1,0
264,CYS,0,1,0
265,LEU,0,1,0
266,ILE,0,1,0
267,VAL,0,1,0
268,THR,0,1,0
269,GLU,0,0,0
270,GLU,0,0,0
271,LEU,0,0,0
272,HIS,0,0,0
273,LEU,0,0,0
274,ILE,0,0,0
275,THR,0,1,0
276,PHE,0,1,0
277,GLU,0,1,0
278,THR,0,1,0
279,GLU,0,1,0
280,VAL,0,1,0
281,TYR,0,1,0
282,HIS,0,1,0
283,GLN,0,1,0
284,GLY,0,1,0
285,LEU,0,1,0
286,LYS,0,1,0
287,ILE,0,1,0
288,ASP,0,1,0
289,LEU,0,1,0
290,GLU,0,1,0
291,THR,0,1,0
292,HIS,0,1,0
293,SER,0,0,0
294,LEU,0,1,0
295,PRO,0,0,0
296,VAL,0,1,0
297,VAL,0,1,0
298,VAL,0,1,0
299,ILE,0,1,0
300,SER,0,1,0
301,ASN,0,1,0
302,ILE,0,1,0
303,CYS,0,1,0
304,GLN,0,1,0
305,MET,0,1,0
306,PRO,0,1,0
307,ASN,0,1,0
308,ALA,0,1,0
309,TRP,0,1,0
310,ALA,0,1,0
311,SER,0,1,0
312,ILE,0,1,0
313,LEU,0,1,0
314,TRP,0,1,0
315,TYR,0,1,0
316,ASN,0,1,0
317,MET,0,0,0
318,LEU,0,0,0
319,THR,0,0,0
320,ASN,0,0,0
321,ASN,0,0,0
322,PRO,0,0,0
323,LYS,0,0,0
324,ASN,0,0,0
325,VAL,0,0,0
326,ASN,0,1,0
327,PHE,0,1,0
328,PHE,0,1,0
329,THR,0,1,0
330,LYS,0,1,0
331,PRO,0,0,0
332,PRO,0,0,0
333,ILE,0,0,0
334,GLY,0,1,0
335,THR,0,1,0
336,TRP,0,1,0
337,ASP,0,1,0
338,GLN,0,1,0
339,VAL,0,1,0
340,ALA,0,1,0
341,GLU,0,1,0
342,VAL,0,1,0
343,LEU,0,1,0
344,SER,0,1,0
345,TRP,0,1,0
346,GLN,0,1,0
347,PHE,0,1,0
348,SER,0,1,0
349,SER,0,1,0
350,THR,0,1,0
351,THR,0,1,0
352,LYS,0,1,0
353,ARG,0,0,0
354,GLY,0,0,0
355,LEU,0,0,0
356,SER,0,0,0
357,ILE,0,0,0
358,GLU,0,0,0
359,GLN,0,1,0
360,LEU,0,1,0
361,THR,0,1,0
362,THR,0,1,0
363,LEU,0,1,0
364,ALA,0,1,0
365,GLU,0,1,0
366,LYS,0,1,0
367,LEU,0,1,0
368,LEU,0,1,0
369,GLY,0,0,0
370,PRO,0,1,0
371,GLY,0,0,0
372,VAL,0,1,0
373,ASN,0,0,0
374,TYR,0,0,0
375,SER,0,0,0
376,GLY,0,1,0
377,CYS,0,0,0
378,GLN,0,1,0
379,ILE,0,1,0
380,THR,0,0,0
381,TRP,0,0,0
382,ALA,0,0,0
383,LYS,0,1,0
384,PHE,0,1,0
385,CYS,0,1,0
386,LYS,0,1,0
387,GLU,0,1,0
388,ASN,0,0,0
389,MET,0,0,0
390,ALA,0,1,0
391,GLY,0,1,0
392,LYS,0,1,0
393,GLY,0,1,0
394,PHE,0,1,0
395,SER,0,0,0
396,PHE,0,1,0
397,TRP,0,1,0
398,VAL,0,1,0
399,TRP,0,1,0
400,LEU,0,1,0
401,ASP,0,1,0
402,ASN,0,1,0
403,ILE,0,1,0
404,ILE,0,1,0
405,ASP,0,1,0
406,LEU,0,1,0
407,VAL,0,1,0
408,LYS,0,1,0
409,LYS,0,1,0
410,TYR,0,1,0
411,ILE,0,1,0
412,LEU,0,1,0
413,ALA,0,1,0
414,LEU,0,1,0
415,TRP,0,1,0
416,ASN,0,1,0
417,GLU,0,1,0
418,GLY,0,0,0
419,TYR,0,0,0
420,ILE,0,0,0
421,MET,0,0,0
422,GLY,0,0,0
423,PHE,0,0,0
424,ILE,0,0,0
425,SER,0,0,0
426,LYS,0,0,0
427,GLU,0,0,0
428,ARG,0,0,0
429,GLU,0,1,0
430,ARG,0,1,0
431,ALA,0,1,0
432,ILE,0,1,0
433,LEU,0,1,0
434,SER,0,1,0
435,THR,0,1,0
436,LYS,0,1,0
437,PRO,0,0,0
438,PRO,0,1,0
439,GLY,0,1,0
440,THR,0,1,0
441,PHE,0,1,0
442,LEU,0,1,0
443,LEU,0,1,0
444,ARG,0,1,0
445,PHE,0,1,0
446,SER,0,0,0
447,GLU,0,1,0
448,SER,0,1,0
449,SER,0,0,0
450,LYS,0,1,0
451,GLU,0,1,0
452,GLY,0,0,0
453,GLY,0,0,0
454,VAL,0,1,0
455,THR,0,1,0
456,PHE,0,1,0
457,THR,0,1,0
458,TRP,0,1,0
459,VAL,0,1,0
460,GLU,0,1,0
461,LYS,0,1,0
462,ASP,0,0,0
463,ILE,0,1,0
464,SER,0,1,0
465,GLY,0,0,0
466,LYS,0,0,0
467,THR,0,1,0
468,GLN,0,1,0
469,ILE,0,1,0
470,GLN,0,1,0
471,SER,0,1,0
472,VAL,0,0,0
473,GLU,0,0,0
474,PRO,0,0,0
475,TYR,0,0,0
476,THR,0,0,0
477,LYS,0,0,0
478,GLN,0,0,0
479,GLN,0,1,0
480,LEU,0,1,0
481,ASN,0,1,0
482,ASN,0,1,0
483,MET,0,1,0
484,SER,0,0,0
485,PHE,0,1,0
486,ALA,0,1,0
487,GLU,0,1,0
488,ILE,0,1,0
489,ILE,0,1,0
490,MET,0,1,0
491,GLY,0,1,0
492,TYR,0,0,0
493,LYS,0,0,0
494,ILE,0,1,0
495,MET,0,1,0
496,ASP,0,0,0
497,ALA,0,1,0
498,THR,0,1,0
499,ASN,0,1,0
500,ILE,0,0,0
501,LEU,0,1,0
502,VAL,0,1,0
503,SER,0,0,0
504,PRO,0,0,0
505,LEU,0,0,0
506,VAL,0,0,0
507,TYR,0,0,0
508,LEU,0,1,0
509,TYR,0,1,0
510,PRO,0,1,0
511,ASP,0,1,0
512,ILE,0,1,0
513,PRO,0,1,0
514,LYS,0,1,0
515,GLU,0,1,0
516,GLU,0,1,0
517,ALA,0,1,0
518,PHE,0,1,0
519,GLY,0,1,0
520,LYS,0,0,0
521,TYR,0,0,0
522,CYS,0,0,0
